participant_id	age	sex
sub-01	n/a	n/a
sub-02	n/a	n/a
sub-03	n/a	n/a
sub-04	n/a	n/a
sub-05	n/a	n/a
sub-06	n/a	n/a
sub-07	n/a	n/a
sub-08	n/a	n/a
sub-09	n/a	n/a
sub-10	n/a	n/a
sub-11	n/a	n/a
sub-12	n/a	n/a
sub-13	n/a	n/a
sub-14	n/a	n/a
sub-15	n/a	n/a
sub-16	n/a	n/a
sub-17	n/a	n/a
sub-18	n/a	n/a
sub-19	n/a	n/a
sub-20	n/a	n/a
sub-21	n/a	n/a
sub-22	n/a	n/a
sub-23	n/a	n/a
sub-24	n/a	n/a
sub-25	n/a	n/a
sub-26	n/a	n/a
sub-27	n/a	n/a
sub-28	n/a	n/a
sub-29	n/a	n/a
sub-30	n/a	n/a
sub-31	n/a	n/a
sub-32	n/a	n/a
sub-33	n/a	n/a
sub-34	n/a	n/a
sub-35	n/a	n/a
sub-36	n/a	n/a
sub-37	n/a	n/a
sub-38	n/a	n/a
sub-39	n/a	n/a
sub-40	n/a	n/a
sub-41	n/a	n/a
sub-42	n/a	n/a
sub-43	n/a	n/a
sub-44	n/a	n/a
sub-45	n/a	n/a
sub-46	n/a	n/a
sub-47	n/a	n/a
sub-48	n/a	n/a
sub-49	n/a	n/a
sub-50	n/a	n/a
sub-51	n/a	n/a
sub-52	n/a	n/a
sub-53	n/a	n/a
sub-54	n/a	n/a
sub-55	n/a	n/a
sub-56	n/a	n/a
sub-57	n/a	n/a
sub-58	n/a	n/a
sub-59	n/a	n/a
sub-60	n/a	n/a
sub-61	n/a	n/a
sub-62	n/a	n/a
sub-63	n/a	n/a
sub-64	n/a	n/a
sub-65	n/a	n/a
sub-66	n/a	n/a
sub-67	n/a	n/a
sub-68	n/a	n/a
